tune_id,tune_name,identified_speed,video_url,youtube_id,source_page,source_link_label,extraction_status,notes,pdf_url,event_filters
69th-street,69th Street,Slow,https://www.youtube.com/watch?v=nTQ8gJEqrfo,nTQ8gJEqrfo,https://www.youtube.com/playlist?list=PLcV6BAqX_YFflBxey-VwMv2tEPKjIDFK_,Fiddle Tunes 1 #31,extracted,Source title: 69th Street - slow | Playlist: Fiddle Tunes 1 | Channel: Sarah Foard | Duration: 0:56,https://www.google.com,Winter Concert
69th-street,69th Street,Fast,https://www.youtube.com/watch?v=jNr6AqAgljs,jNr6AqAgljs,https://www.youtube.com/playlist?list=PLcV6BAqX_YFflBxey-VwMv2tEPKjIDFK_,Fiddle Tunes 1 #30,extracted,Source title: 69th Street - fast | Playlist: Fiddle Tunes 1 | Channel: Sarah Foard | Duration: 1:21,,
abbots-bromley-horn-dance,Abbots Bromley Horn Dance,Other,https://www.youtube.com/watch?v=Y1lWJx9tOWY,Y1lWJx9tOWY,https://www.youtube.com/playlist?list=PLcV6BAqX_YFflBxey-VwMv2tEPKjIDFK_,Fiddle Tunes 1 #55,extracted,Source title: Abbots Bromley Horn Dance | Playlist: Fiddle Tunes 1 | Channel: Sarah Foard | Duration: 1:44,,Spring Concert
angeline-the-baker,Angeline the Baker,Slow,https://www.youtube.com/watch?v=KM3jJnBBDrM,KM3jJnBBDrM,https://www.youtube.com/playlist?list=PLiKxQr5HEGbNSMPYBv246S3C6QaGgV7qH,Fiddle Tunes #57,extracted,Source title: Angeline the Baker (slow) | Playlist: Fiddle Tunes | Channel: Sarah Foard | Duration: 1:28,,May 5th Jam; Winter Concert
angeline-the-baker,Angeline the Baker,Fast,https://www.youtube.com/watch?v=yXaWIhZFTDk,yXaWIhZFTDk,https://www.youtube.com/playlist?list=PLiKxQr5HEGbNSMPYBv246S3C6QaGgV7qH,Fiddle Tunes #58,extracted,Source title: Angeline the Baker (fast) | Playlist: Fiddle Tunes | Channel: Sarah Foard | Duration: 2:49,,
appalachia-waltz,Appalachia Waltz,Other,https://www.youtube.com/watch?v=0Jc8FT3KpJk,0Jc8FT3KpJk,https://www.youtube.com/playlist?list=PLcV6BAqX_YFflBxey-VwMv2tEPKjIDFK_,Fiddle Tunes 1 #48,extracted,Source title: Appalachia Waltz | Playlist: Fiddle Tunes 1 | Channel: Sarah Foard | Duration: 2:02,,
banish-misfortune,Banish Misfortune,Medium,https://www.youtube.com/watch?v=8U_lBDW521A,8U_lBDW521A,https://www.youtube.com/playlist?list=PLiKxQr5HEGbNSMPYBv246S3C6QaGgV7qH,Fiddle Tunes #17,extracted,Source title: Banish Misfortune (medium) | Playlist: Fiddle Tunes | Channel: Sarah Foard | Duration: 1:20,,
britches-full-of-stitches,Britches Full of Stitches,Slow,https://www.youtube.com/watch?v=4vyjd8MzYVE,4vyjd8MzYVE,https://www.youtube.com/playlist?list=PLcV6BAqX_YFflBxey-VwMv2tEPKjIDFK_,Fiddle Tunes 1 #84,extracted,Source title: Britches Full of Stitches - slow | Playlist: Fiddle Tunes 1 | Channel: Sarah Foard | Duration: 1:04,,
britches-full-of-stitches,Britches Full of Stitches,Medium,https://www.youtube.com/watch?v=OH-k5O5sGrw,OH-k5O5sGrw,https://www.youtube.com/playlist?list=PLcV6BAqX_YFflBxey-VwMv2tEPKjIDFK_,Fiddle Tunes 1 #79,extracted,Source title: Peg Ryan’s / Britches Full of Stitches / Mickey Chewing Bubblegum - medium speed | Playlist: Fiddle Tunes 1 | Channel: Sarah Foard | Duration: 5:25,,
britches-full-of-stitches,Britches Full of Stitches,Medium,https://www.youtube.com/watch?v=4KmulZuDERE,4KmulZuDERE,https://www.youtube.com/playlist?list=PLcV6BAqX_YFflBxey-VwMv2tEPKjIDFK_,Fiddle Tunes 1 #83,extracted,Source title: Britches Full of Stitches - medium speed | Playlist: Fiddle Tunes 1 | Channel: Sarah Foard | Duration: 0:53,,
britches-full-of-stitches,Britches Full of Stitches,Dance Tempo,https://www.youtube.com/watch?v=HbvNXsnFkgw,HbvNXsnFkgw,https://www.youtube.com/playlist?list=PLcV6BAqX_YFflBxey-VwMv2tEPKjIDFK_,Fiddle Tunes 1 #41,extracted,Source title: Britches Full of Stitches - Dance Tempo | Playlist: Fiddle Tunes 1 | Channel: Sarah Foard | Duration: 1:21,,
britches-full-of-stitches,Britches Full of Stitches,Dance Tempo,https://www.youtube.com/watch?v=9MWTwzqO9Dg,9MWTwzqO9Dg,https://www.youtube.com/playlist?list=PLcV6BAqX_YFflBxey-VwMv2tEPKjIDFK_,Fiddle Tunes 1 #43,extracted,Source title: Peg Ryan’s / Britches Full of Stitches / Mickey Chewing Bubblegum - dance tempo | Playlist: Fiddle Tunes 1 | Channel: Sarah Foard | Duration: 6:16,,
buffalo-gals,Buffalo Gals,Medium - half note = 75,https://www.youtube.com/watch?v=w57vAD3w2Rw,w57vAD3w2Rw,https://www.youtube.com/playlist?list=PLcV6BAqX_YFflBxey-VwMv2tEPKjIDFK_,Fiddle Tunes 1 #71,extracted,Source title: Buffalo Gals - medium - half note = 75 | Playlist: Fiddle Tunes 1 | Channel: Sarah Foard | Duration: 0:53,,
buffalo-gals,Buffalo Gals,Dance Tempo - half note = 100,https://www.youtube.com/watch?v=UrxPylR-Wwg,UrxPylR-Wwg,https://www.youtube.com/playlist?list=PLcV6BAqX_YFflBxey-VwMv2tEPKjIDFK_,Fiddle Tunes 1 #47,extracted,Source title: Buffalo Gals - Dance Tempo - half note = 100 | Playlist: Fiddle Tunes 1 | Channel: Sarah Foard | Duration: 1:20,,
cacklin-hen,Cacklin' Hen,Slow,https://www.youtube.com/watch?v=OCx1sXouQ3s,OCx1sXouQ3s,https://www.youtube.com/playlist?list=PLiKxQr5HEGbNSMPYBv246S3C6QaGgV7qH,Fiddle Tunes #29,extracted,Source title: Cacklin' Hen (slow) | Playlist: Fiddle Tunes | Channel: Sarah Foard | Duration: 2:32,,
catharsis,Catharsis,Slow,https://www.youtube.com/watch?v=8dlbdjvawGg,8dlbdjvawGg,https://www.youtube.com/playlist?list=PLcV6BAqX_YFflBxey-VwMv2tEPKjIDFK_,Fiddle Tunes 1 #24,extracted,"Source title: Catharsis, slow | Playlist: Fiddle Tunes 1 | Channel: Sarah Foard | Duration: 1:16",,
chinquapin-hunting-the-first-riff,Chinquapin Hunting - the first riff,Other,https://www.youtube.com/watch?v=TsruJ7Gmepg,TsruJ7Gmepg,https://www.youtube.com/playlist?list=PLiKxQr5HEGbNSMPYBv246S3C6QaGgV7qH,Fiddle Tunes #52,extracted,Source title: Chinquapin Hunting - the first riff | Playlist: Fiddle Tunes | Channel: Sarah Foard | Duration: 2:56,,
chinquapin-hunting-the-second-riff,Chinquapin Hunting - the second riff,Other,https://www.youtube.com/watch?v=RC4bRjMdzdo,RC4bRjMdzdo,https://www.youtube.com/playlist?list=PLiKxQr5HEGbNSMPYBv246S3C6QaGgV7qH,Fiddle Tunes #53,extracted,Source title: Chinquapin Hunting - the second riff | Playlist: Fiddle Tunes | Channel: Sarah Foard | Duration: 3:02,,
cluck-old-hen,Cluck Old Hen,Slow,https://www.youtube.com/watch?v=hmqC1Kv91OY,hmqC1Kv91OY,https://www.youtube.com/playlist?list=PLiKxQr5HEGbNSMPYBv246S3C6QaGgV7qH,Fiddle Tunes #32,extracted,Source title: Cluck Old Hen (slow) | Playlist: Fiddle Tunes | Channel: Sarah Foard | Duration: 2:21,,
cluck-old-hen,Cluck Old Hen,Fast,https://www.youtube.com/watch?v=b0-3HXqCdyk,b0-3HXqCdyk,https://www.youtube.com/playlist?list=PLiKxQr5HEGbNSMPYBv246S3C6QaGgV7qH,Fiddle Tunes #33,extracted,Source title: Cluck Old Hen (fast) | Playlist: Fiddle Tunes | Channel: Sarah Foard | Duration: 1:31,,
colemans-march,Coleman's March,Slow,https://www.youtube.com/watch?v=5BhUx8dC-Ws,5BhUx8dC-Ws,https://www.youtube.com/playlist?list=PLcV6BAqX_YFflBxey-VwMv2tEPKjIDFK_,Fiddle Tunes 1 #62,extracted,Source title: Coleman’s March - slow | Playlist: Fiddle Tunes 1 | Channel: Sarah Foard | Duration: 1:08,,
colemans-march,Coleman's March,Fast,https://www.youtube.com/watch?v=itlGh0QFvD8,itlGh0QFvD8,https://www.youtube.com/playlist?list=PLcV6BAqX_YFflBxey-VwMv2tEPKjIDFK_,Fiddle Tunes 1 #56,extracted,Source title: Coleman’s March - fast | Playlist: Fiddle Tunes 1 | Channel: Sarah Foard | Duration: 1:24,,
con-thadhgos,Con Thadhgo's,Slow,https://www.youtube.com/watch?v=umQnPACGGMo,umQnPACGGMo,https://www.youtube.com/playlist?list=PLiKxQr5HEGbNSMPYBv246S3C6QaGgV7qH,Fiddle Tunes #8,extracted,Source title: Con Thadhgo’s (slow) | Playlist: Fiddle Tunes | Channel: Sarah Foard | Duration: 1:14,,
con-thadhgos,Con Thadhgo's,Fast,https://www.youtube.com/watch?v=gGNyrSc7kmA,gGNyrSc7kmA,https://www.youtube.com/playlist?list=PLiKxQr5HEGbNSMPYBv246S3C6QaGgV7qH,Fiddle Tunes #7,extracted,Source title: Con Thadhgo’s (fast) | Playlist: Fiddle Tunes | Channel: Sarah Foard | Duration: 1:06,,
cripple-creek,Cripple Creek,Slow,https://www.youtube.com/watch?v=dmWMGKynnHc,dmWMGKynnHc,https://www.youtube.com/playlist?list=PLiKxQr5HEGbNSMPYBv246S3C6QaGgV7qH,Fiddle Tunes #36,extracted,Source title: Cripple Creek (slow) | Playlist: Fiddle Tunes | Channel: Sarah Foard | Duration: 1:01,,
cripple-creek,Cripple Creek,Fast,https://www.youtube.com/watch?v=VQRgqn9qay8,VQRgqn9qay8,https://www.youtube.com/playlist?list=PLiKxQr5HEGbNSMPYBv246S3C6QaGgV7qH,Fiddle Tunes #37,extracted,Source title: Cripple Creek (fast) | Playlist: Fiddle Tunes | Channel: Sarah Foard | Duration: 1:04,,
derry-reel,Derry Reel,Slow,https://www.youtube.com/watch?v=Oczx2jS50C0,Oczx2jS50C0,https://www.youtube.com/playlist?list=PLiKxQr5HEGbNSMPYBv246S3C6QaGgV7qH,Fiddle Tunes #27,extracted,Source title: Derry Reel (slow) | Playlist: Fiddle Tunes | Channel: Sarah Foard | Duration: 1:43,,
derry-reel,Derry Reel,Slow,https://www.youtube.com/watch?v=k1ZnxCtnybw,k1ZnxCtnybw,https://www.youtube.com/playlist?list=PLcV6BAqX_YFflBxey-VwMv2tEPKjIDFK_,Fiddle Tunes 1 #78,extracted,Source title: Derry Reel / Silver Spear / St. Antoine’s - slow | Playlist: Fiddle Tunes 1 | Channel: Sarah Foard | Duration: 6:46,,
derry-reel,Derry Reel,Medium,https://www.youtube.com/watch?v=4AbUzstmMCM,4AbUzstmMCM,https://www.youtube.com/playlist?list=PLcV6BAqX_YFflBxey-VwMv2tEPKjIDFK_,Fiddle Tunes 1 #77,extracted,Source title: Derry Reel / Sliver Spear / St. Antoine’s - medium speed | Playlist: Fiddle Tunes 1 | Channel: Sarah Foard | Duration: 4:55,,
derry-reel,Derry Reel,Fast,https://www.youtube.com/watch?v=LekB64HcBbo,LekB64HcBbo,https://www.youtube.com/playlist?list=PLiKxQr5HEGbNSMPYBv246S3C6QaGgV7qH,Fiddle Tunes #26,extracted,Source title: Derry Reel (fast) | Playlist: Fiddle Tunes | Channel: Sarah Foard | Duration: 1:18,,
derry-reel,Derry Reel,Dance Tempo,https://www.youtube.com/watch?v=2ZbDnFpUk6E,2ZbDnFpUk6E,https://www.youtube.com/playlist?list=PLcV6BAqX_YFflBxey-VwMv2tEPKjIDFK_,Fiddle Tunes 1 #44,extracted,Source title: Derry Reel / Silver Spear / St. Antoine’s Reel - dance tempo | Playlist: Fiddle Tunes 1 | Channel: Sarah Foard | Duration: 7:56,,
devils-dream,Devil's Dream,Slow,https://www.youtube.com/watch?v=WvwkfAMa1qw,WvwkfAMa1qw,https://www.youtube.com/playlist?list=PLiKxQr5HEGbNSMPYBv246S3C6QaGgV7qH,Fiddle Tunes #47,extracted,Source title: Devil’s Dream (slow) | Playlist: Fiddle Tunes | Channel: Sarah Foard | Duration: 2:20,,
devils-dream,Devil's Dream,Fast,https://www.youtube.com/watch?v=sLuI9oZIlwc,sLuI9oZIlwc,https://www.youtube.com/playlist?list=PLiKxQr5HEGbNSMPYBv246S3C6QaGgV7qH,Fiddle Tunes #48,extracted,Source title: Devil’s Dream (fast) | Playlist: Fiddle Tunes | Channel: Sarah Foard | Duration: 1:33,,
dill-pickle-rag,Dill Pickle Rag,Slow,https://www.youtube.com/watch?v=I9k7tncnBx8,I9k7tncnBx8,https://www.youtube.com/playlist?list=PLiKxQr5HEGbNSMPYBv246S3C6QaGgV7qH,Fiddle Tunes #13,extracted,Source title: Dip Pickle Rag (slow) | Playlist: Fiddle Tunes | Channel: Sarah Foard | Duration: 1:38,,
dill-pickle-rag,Dill Pickle Rag,Medium,https://www.youtube.com/watch?v=wXf4r1qp59I,wXf4r1qp59I,https://www.youtube.com/playlist?list=PLiKxQr5HEGbNSMPYBv246S3C6QaGgV7qH,Fiddle Tunes #12,extracted,Source title: Dill Pickle Rag (medium) | Playlist: Fiddle Tunes | Channel: Sarah Foard | Duration: 2:18,,
dill-pickle-rag,Dill Pickle Rag,Fast with piano,https://www.youtube.com/watch?v=pNBSU1x49tY,pNBSU1x49tY,https://www.youtube.com/playlist?list=PLiKxQr5HEGbNSMPYBv246S3C6QaGgV7qH,Fiddle Tunes #1,extracted,Source title: Dill Pickle Rag (fast with piano) | Playlist: Fiddle Tunes | Channel: Sarah Foard | Duration: 1:36,,
dinkys-reel,Dinky's Reel,Slow,https://www.youtube.com/watch?v=HHpdOuq4OB4,HHpdOuq4OB4,https://www.youtube.com/playlist?list=PLcV6BAqX_YFflBxey-VwMv2tEPKjIDFK_,Fiddle Tunes 1 #36,extracted,Source title: Dinky’s Reel - slow | Playlist: Fiddle Tunes 1 | Channel: Sarah Foard | Duration: 1:56,,
dinkys-reel,Dinky's Reel,Medium,https://www.youtube.com/watch?v=zE9qO0-0pCI,zE9qO0-0pCI,https://www.youtube.com/playlist?list=PLcV6BAqX_YFflBxey-VwMv2tEPKjIDFK_,Fiddle Tunes 1 #37,extracted,Source title: Dinky’s Reel - medium | Playlist: Fiddle Tunes 1 | Channel: Sarah Foard | Duration: 1:22,,
dinkys-reel,Dinky's Reel,Fast,https://www.youtube.com/watch?v=bQdep_yTt8c,bQdep_yTt8c,https://www.youtube.com/playlist?list=PLcV6BAqX_YFflBxey-VwMv2tEPKjIDFK_,Fiddle Tunes 1 #38,extracted,Source title: Dinky’s Reel - fast | Playlist: Fiddle Tunes 1 | Channel: Sarah Foard | Duration: 1:30,,
drowsy-maggie,Drowsy Maggie,Slow,https://www.youtube.com/watch?v=Gg51ZadNYXk,Gg51ZadNYXk,https://www.youtube.com/playlist?list=PLiKxQr5HEGbNSMPYBv246S3C6QaGgV7qH,Fiddle Tunes #41,extracted,Source title: Drowsy Maggie (slow) | Playlist: Fiddle Tunes | Channel: Sarah Foard | Duration: 1:14,,
drowsy-maggie,Drowsy Maggie,Fast,https://www.youtube.com/watch?v=mSIVOuGBO_8,mSIVOuGBO_8,https://www.youtube.com/playlist?list=PLiKxQr5HEGbNSMPYBv246S3C6QaGgV7qH,Fiddle Tunes #40,extracted,Source title: Drowsy Maggie (fast) | Playlist: Fiddle Tunes | Channel: Sarah Foard | Duration: 1:28,,
flying-home-to-shelly,Flying Home to Shelly,Slow,https://www.youtube.com/watch?v=Z4e7_4uG3Zo,Z4e7_4uG3Zo,https://www.youtube.com/playlist?list=PLcV6BAqX_YFflBxey-VwMv2tEPKjIDFK_,Fiddle Tunes 1 #64,extracted,Source title: Flying Home to Shelly (slow) | Playlist: Fiddle Tunes 1 | Channel: Sarah Foard | Duration: 1:02,,
flying-home-to-shelly,Flying Home to Shelly,Other,https://www.youtube.com/watch?v=P-s9lsBSlBw,P-s9lsBSlBw,https://www.youtube.com/playlist?list=PLcV6BAqX_YFflBxey-VwMv2tEPKjIDFK_,Fiddle Tunes 1 #53,extracted,Source title: Flying Home to Shelly | Playlist: Fiddle Tunes 1 | Channel: Sarah Foard | Duration: 1:22,,
franks-reel,Frank's Reel,Slow,https://www.youtube.com/watch?v=mWYgM35v07k,mWYgM35v07k,https://www.youtube.com/playlist?list=PLcV6BAqX_YFflBxey-VwMv2tEPKjIDFK_,Fiddle Tunes 1 #9,extracted,Source title: Frank’s Reel - slow | Playlist: Fiddle Tunes 1 | Channel: Sarah Foard | Duration: 2:00,,
franks-reel,Frank's Reel,Fast,https://www.youtube.com/watch?v=XSgdarODZDw,XSgdarODZDw,https://www.youtube.com/playlist?list=PLcV6BAqX_YFflBxey-VwMv2tEPKjIDFK_,Fiddle Tunes 1 #8,extracted,Source title: Frank’s Reel - fast | Playlist: Fiddle Tunes 1 | Channel: Sarah Foard | Duration: 1:26,,
grub-springs,Grub Springs,Slow,https://www.youtube.com/watch?v=532dP0Bw4uw,532dP0Bw4uw,https://www.youtube.com/playlist?list=PLiKxQr5HEGbNSMPYBv246S3C6QaGgV7qH,Fiddle Tunes #64,extracted,Source title: Grub Springs (slow) | Playlist: Fiddle Tunes | Channel: Sarah Foard | Duration: 1:16,,
grub-springs,Grub Springs,Fast,https://www.youtube.com/watch?v=S7ViSux5h9s,S7ViSux5h9s,https://www.youtube.com/playlist?list=PLiKxQr5HEGbNSMPYBv246S3C6QaGgV7qH,Fiddle Tunes #62,extracted,Source title: Grub Springs (fast) | Playlist: Fiddle Tunes | Channel: Sarah Foard | Duration: 2:25,,
gypsy-fantastic,Gypsy Fantastic,With piano,https://www.youtube.com/watch?v=eDF0z2FA2_w,eDF0z2FA2_w,https://www.youtube.com/playlist?list=PLiKxQr5HEGbNSMPYBv246S3C6QaGgV7qH,Fiddle Tunes #6,extracted,Source title: Gypsy Fantastic (with piano) | Playlist: Fiddle Tunes | Channel: Sarah Foard | Duration: 1:19,,
gypsy-fantastic,Gypsy Fantastic,With piano,https://www.youtube.com/watch?v=Qgt9T2IdqEc,Qgt9T2IdqEc,https://www.youtube.com/playlist?list=PLiKxQr5HEGbNSMPYBv246S3C6QaGgV7qH,Fiddle Tunes #14,extracted,Source title: Gypsy Fantastic (with piano) | Playlist: Fiddle Tunes | Channel: Sarah Foard | Duration: 1:17,,
john-ryans-polka,John Ryan's Polka,Slow,https://www.youtube.com/watch?v=xIj4Tk1MUQs,xIj4Tk1MUQs,https://www.youtube.com/playlist?list=PLiKxQr5HEGbNSMPYBv246S3C6QaGgV7qH,Fiddle Tunes #31,extracted,Source title: John Ryan's Polka (slow) | Playlist: Fiddle Tunes | Channel: Sarah Foard | Duration: 2:02,,
john-ryans-polka,John Ryan's Polka,Slow,https://www.youtube.com/watch?v=CJ_5n3Rfha4,CJ_5n3Rfha4,https://www.youtube.com/playlist?list=PLiKxQr5HEGbNSMPYBv246S3C6QaGgV7qH,Fiddle Tunes #55,extracted,Source title: John Ryan’s Polka slow speed | Playlist: Fiddle Tunes | Channel: Sarah Foard | Duration: 2:15,,
john-ryans-polka,John Ryan's Polka,Slow - quarter = 60,https://www.youtube.com/watch?v=ZJSpDAv_oAw,ZJSpDAv_oAw,https://www.youtube.com/playlist?list=PLcV6BAqX_YFflBxey-VwMv2tEPKjIDFK_,Fiddle Tunes 1 #68,extracted,Source title: John Ryan’s Polka - Slow - quarter = 60 | Playlist: Fiddle Tunes 1 | Channel: Sarah Foard | Duration: 1:15,,
john-ryans-polka,John Ryan's Polka,Medium - quarter = 80,https://www.youtube.com/watch?v=Wo5ej038LQg,Wo5ej038LQg,https://www.youtube.com/playlist?list=PLcV6BAqX_YFflBxey-VwMv2tEPKjIDFK_,Fiddle Tunes 1 #67,extracted,Source title: John Ryan’s Polka - medium - quarter = 80 | Playlist: Fiddle Tunes 1 | Channel: Sarah Foard | Duration: 0:55,,
john-ryans-polka,John Ryan's Polka,Dance Tempo - quarter = 100,https://www.youtube.com/watch?v=P7J_jCPSdBE,P7J_jCPSdBE,https://www.youtube.com/playlist?list=PLcV6BAqX_YFflBxey-VwMv2tEPKjIDFK_,Fiddle Tunes 1 #50,extracted,Source title: John Ryan’s Polka - Dance Tempo - quarter = 100 | Playlist: Fiddle Tunes 1 | Channel: Sarah Foard | Duration: 1:20,,
john-ryans-polka,John Ryan's Polka,Other,https://www.youtube.com/watch?v=HHRLA3RPGfg,HHRLA3RPGfg,https://www.youtube.com/playlist?list=PLiKxQr5HEGbNSMPYBv246S3C6QaGgV7qH,Fiddle Tunes #56,extracted,Source title: John Ryan’s Polka | Playlist: Fiddle Tunes | Channel: Sarah Foard | Duration: 1:53,,
josie-o,Josie-O,Slow,https://www.youtube.com/watch?v=44k3dRI8EQo,44k3dRI8EQo,https://www.youtube.com/playlist?list=PLiKxQr5HEGbNSMPYBv246S3C6QaGgV7qH,Fiddle Tunes #63,extracted,Source title: Josie-o Slow speed | Playlist: Fiddle Tunes | Channel: Sarah Foard | Duration: 1:28,,
josie-o,Josie-O,Other,https://www.youtube.com/watch?v=Y5xCVjBe394,Y5xCVjBe394,https://www.youtube.com/playlist?list=PLiKxQr5HEGbNSMPYBv246S3C6QaGgV7qH,Fiddle Tunes #61,extracted,Source title: Josie-o | Playlist: Fiddle Tunes | Channel: Sarah Foard | Duration: 2:20,,
julia-delaney,Julia Delaney,Slow,https://www.youtube.com/watch?v=SlojRE4wcXs,SlojRE4wcXs,https://www.youtube.com/playlist?list=PLcV6BAqX_YFflBxey-VwMv2tEPKjIDFK_,Fiddle Tunes 1 #11,extracted,Source title: Julia Delaney - slow | Playlist: Fiddle Tunes 1 | Channel: Sarah Foard | Duration: 2:10,,
julia-delaney,Julia Delaney,Fast,https://www.youtube.com/watch?v=UBVX4MqhMWs,UBVX4MqhMWs,https://www.youtube.com/playlist?list=PLcV6BAqX_YFflBxey-VwMv2tEPKjIDFK_,Fiddle Tunes 1 #10,extracted,Source title: Julia Delaney - fast | Playlist: Fiddle Tunes 1 | Channel: Sarah Foard | Duration: 1:22,,
kerry-bar,Kerry Bar,Slow,https://www.youtube.com/watch?v=-qEZLgswMxI,-qEZLgswMxI,https://www.youtube.com/playlist?list=PLcV6BAqX_YFflBxey-VwMv2tEPKjIDFK_,Fiddle Tunes 1 #25,extracted,Source title: Kerry Bar - slow | Playlist: Fiddle Tunes 1 | Channel: Sarah Foard | Duration: 0:58,,
kerry-bar,Kerry Bar,Slow,https://www.youtube.com/watch?v=frjQ4zq-tbI,frjQ4zq-tbI,https://www.youtube.com/playlist?list=PLcV6BAqX_YFflBxey-VwMv2tEPKjIDFK_,Fiddle Tunes 1 #29,extracted,Source title: Kerry Bar - slow | Playlist: Fiddle Tunes 1 | Channel: Sarah Foard | Duration: 0:58,,
kerry-bar,Kerry Bar,Fast,https://www.youtube.com/watch?v=zH-kLiCGdY8,zH-kLiCGdY8,https://www.youtube.com/playlist?list=PLcV6BAqX_YFflBxey-VwMv2tEPKjIDFK_,Fiddle Tunes 1 #26,extracted,Source title: Kerry Bar - fast | Playlist: Fiddle Tunes 1 | Channel: Sarah Foard | Duration: 1:19,,
maison-de-glace,Maison de Glace,Slow,https://www.youtube.com/watch?v=CYPmOYI8K34,CYPmOYI8K34,https://www.youtube.com/playlist?list=PLcV6BAqX_YFflBxey-VwMv2tEPKjIDFK_,Fiddle Tunes 1 #60,extracted,Source title: Maison de Glace - slow | Playlist: Fiddle Tunes 1 | Channel: Sarah Foard | Duration: 0:59,,
maison-de-glace,Maison de Glace,Other,https://www.youtube.com/watch?v=b7MkHgvOZlo,b7MkHgvOZlo,https://www.youtube.com/playlist?list=PLcV6BAqX_YFflBxey-VwMv2tEPKjIDFK_,Fiddle Tunes 1 #52,extracted,Source title: Maison de Glace | Playlist: Fiddle Tunes 1 | Channel: Sarah Foard | Duration: 1:46,,
maison-de-glace,Maison de Glace,Other,https://www.youtube.com/watch?v=yAk_JC1ObLw,yAk_JC1ObLw,https://www.youtube.com/playlist?list=PLcV6BAqX_YFflBxey-VwMv2tEPKjIDFK_,Fiddle Tunes 1 #58,extracted,Source title: Maison de Glace | Playlist: Fiddle Tunes 1 | Channel: Sarah Foard | Duration: 1:25,,
mickey-chewing-bubblegum,Mickey Chewing Bubblegum,Slow - quarter = 60,https://www.youtube.com/watch?v=6vfxCMxOUv4,6vfxCMxOUv4,https://www.youtube.com/playlist?list=PLcV6BAqX_YFflBxey-VwMv2tEPKjIDFK_,Fiddle Tunes 1 #66,extracted,Source title: Mickey Chewing Bubblegum- slow - quarter = 60 | Playlist: Fiddle Tunes 1 | Channel: Sarah Foard | Duration: 1:11,,
mickey-chewing-bubblegum,Mickey Chewing Bubblegum,Medium,https://www.youtube.com/watch?v=OH-k5O5sGrw,OH-k5O5sGrw,https://www.youtube.com/playlist?list=PLcV6BAqX_YFflBxey-VwMv2tEPKjIDFK_,Fiddle Tunes 1 #79,extracted,Source title: Peg Ryan’s / Britches Full of Stitches / Mickey Chewing Bubblegum - medium speed | Playlist: Fiddle Tunes 1 | Channel: Sarah Foard | Duration: 5:25,,
mickey-chewing-bubblegum,Mickey Chewing Bubblegum,Medium - quarter = 80,https://www.youtube.com/watch?v=NAYw4HosfD8,NAYw4HosfD8,https://www.youtube.com/playlist?list=PLcV6BAqX_YFflBxey-VwMv2tEPKjIDFK_,Fiddle Tunes 1 #65,extracted,Source title: Mickey Chewing Bubblegum - medium - quarter = 80 | Playlist: Fiddle Tunes 1 | Channel: Sarah Foard | Duration: 0:53,,
mickey-chewing-bubblegum,Mickey Chewing Bubblegum,Dance Tempo,https://www.youtube.com/watch?v=9MWTwzqO9Dg,9MWTwzqO9Dg,https://www.youtube.com/playlist?list=PLcV6BAqX_YFflBxey-VwMv2tEPKjIDFK_,Fiddle Tunes 1 #43,extracted,Source title: Peg Ryan’s / Britches Full of Stitches / Mickey Chewing Bubblegum - dance tempo | Playlist: Fiddle Tunes 1 | Channel: Sarah Foard | Duration: 6:16,,
mickey-chewing-bubblegum,Mickey Chewing Bubblegum,Dance Tempo - quarter = 100,https://www.youtube.com/watch?v=jyFiuO3PJEg,jyFiuO3PJEg,https://www.youtube.com/playlist?list=PLcV6BAqX_YFflBxey-VwMv2tEPKjIDFK_,Fiddle Tunes 1 #51,extracted,Source title: Mickey Chewing Bubblegum - Dance Tempo - quarter = 100 | Playlist: Fiddle Tunes 1 | Channel: Sarah Foard | Duration: 1:21,,
mickey-chewing-bubblegum,Mickey Chewing Bubblegum,Other,https://www.youtube.com/watch?v=YkVX31EPsjs,YkVX31EPsjs,https://www.youtube.com/playlist?list=PLiKxQr5HEGbNSMPYBv246S3C6QaGgV7qH,Fiddle Tunes #54,extracted,Source title: Mickey Chewing Bubblegum | Playlist: Fiddle Tunes | Channel: Sarah Foard | Duration: 2:47,,
midnight-on-the-water,Midnight on the Water,Other,https://www.youtube.com/watch?v=bnreQxs5UWo,bnreQxs5UWo,https://www.youtube.com/playlist?list=PLiKxQr5HEGbNSMPYBv246S3C6QaGgV7qH,Fiddle Tunes #43,extracted,Source title: Midnight on the Water | Playlist: Fiddle Tunes | Channel: Sarah Foard | Duration: 1:56,,
midnight-on-the-water,Midnight on the Water,Other,https://www.youtube.com/watch?v=3-Yqsi9h_B0,3-Yqsi9h_B0,https://www.youtube.com/playlist?list=PLcV6BAqX_YFflBxey-VwMv2tEPKjIDFK_,Fiddle Tunes 1 #32,extracted,Source title: Midnight on the Water | Playlist: Fiddle Tunes 1 | Channel: Sarah Foard | Duration: 1:28,,
new-five-cents,New Five Cents,Slow,https://www.youtube.com/watch?v=gYf0r8-pNy0,gYf0r8-pNy0,https://www.youtube.com/playlist?list=PLcV6BAqX_YFflBxey-VwMv2tEPKjIDFK_,Fiddle Tunes 1 #63,extracted,Source title: New Five Cents (slow) | Playlist: Fiddle Tunes 1 | Channel: Sarah Foard | Duration: 1:04,,
new-five-cents,New Five Cents,Other,https://www.youtube.com/watch?v=k7cCfBSZ2m8,k7cCfBSZ2m8,https://www.youtube.com/playlist?list=PLcV6BAqX_YFflBxey-VwMv2tEPKjIDFK_,Fiddle Tunes 1 #54,extracted,Source title: New Five Cents | Playlist: Fiddle Tunes 1 | Channel: Sarah Foard | Duration: 1:13,,
off-she-goes,Off She Goes,Slow,https://www.youtube.com/watch?v=x7UPRSZI-bU,x7UPRSZI-bU,https://www.youtube.com/playlist?list=PLcV6BAqX_YFflBxey-VwMv2tEPKjIDFK_,Fiddle Tunes 1 #5,extracted,Source title: Off She Goes - slow | Playlist: Fiddle Tunes 1 | Channel: Sarah Foard | Duration: 1:34,,
off-she-goes,Off She Goes,Fast,https://www.youtube.com/watch?v=rE8AsHW8x2A,rE8AsHW8x2A,https://www.youtube.com/playlist?list=PLcV6BAqX_YFflBxey-VwMv2tEPKjIDFK_,Fiddle Tunes 1 #4,extracted,Source title: Off She Goes - fast | Playlist: Fiddle Tunes 1 | Channel: Sarah Foard | Duration: 1:07,,
old-joe-clark,Old Joe Clark,Slow,https://www.youtube.com/watch?v=BuiyxITNyvQ,BuiyxITNyvQ,https://www.youtube.com/playlist?list=PLiKxQr5HEGbNSMPYBv246S3C6QaGgV7qH,Fiddle Tunes #30,extracted,Source title: Old Joe Clark (slow) | Playlist: Fiddle Tunes | Channel: Sarah Foard | Duration: 1:57,,
old-joe-clark,Old Joe Clark,Slow,https://www.youtube.com/watch?v=KdXxIn8g8Hk,KdXxIn8g8Hk,https://www.youtube.com/playlist?list=PLiKxQr5HEGbNSMPYBv246S3C6QaGgV7qH,Fiddle Tunes #34,extracted,Source title: Old Joe Clark (slow) | Playlist: Fiddle Tunes | Channel: Sarah Foard | Duration: 2:55,,
old-joe-clark,Old Joe Clark,Slow,https://www.youtube.com/watch?v=2OEDcBDh9qk,2OEDcBDh9qk,https://www.youtube.com/playlist?list=PLiKxQr5HEGbNSMPYBv246S3C6QaGgV7qH,Fiddle Tunes #51,extracted,Source title: Old Joe Clark (slow) | Playlist: Fiddle Tunes | Channel: Sarah Foard | Duration: 1:20,,
old-joe-clark,Old Joe Clark,Slow - half note = 60,https://www.youtube.com/watch?v=Vcj-FZcqMrk,Vcj-FZcqMrk,https://www.youtube.com/playlist?list=PLcV6BAqX_YFflBxey-VwMv2tEPKjIDFK_,Fiddle Tunes 1 #70,extracted,Source title: Old Joe Clark - Slow - half note = 60 | Playlist: Fiddle Tunes 1 | Channel: Sarah Foard | Duration: 1:07,,
old-joe-clark,Old Joe Clark,Medium,https://www.youtube.com/watch?v=zL-ieZJu_sQ,zL-ieZJu_sQ,https://www.youtube.com/playlist?list=PLiKxQr5HEGbNSMPYBv246S3C6QaGgV7qH,Fiddle Tunes #20,extracted,Source title: Old Joe Clark (medium) | Playlist: Fiddle Tunes | Channel: Sarah Foard | Duration: 1:12,,
old-joe-clark,Old Joe Clark,Medium - half note = 80,https://www.youtube.com/watch?v=iQp8fhYI0kk,iQp8fhYI0kk,https://www.youtube.com/playlist?list=PLcV6BAqX_YFflBxey-VwMv2tEPKjIDFK_,Fiddle Tunes 1 #69,extracted,Source title: Old Joe Clark - medium - half note = 80 | Playlist: Fiddle Tunes 1 | Channel: Sarah Foard | Duration: 0:56,,
old-joe-clark,Old Joe Clark,Fast,https://www.youtube.com/watch?v=tLyQYtY95kQ,tLyQYtY95kQ,https://www.youtube.com/playlist?list=PLiKxQr5HEGbNSMPYBv246S3C6QaGgV7qH,Fiddle Tunes #35,extracted,Source title: Old Joe Clark (fast) | Playlist: Fiddle Tunes | Channel: Sarah Foard | Duration: 3:42,,
old-joe-clark,Old Joe Clark,Fast,https://www.youtube.com/watch?v=tN6_CrIIZVM,tN6_CrIIZVM,https://www.youtube.com/playlist?list=PLiKxQr5HEGbNSMPYBv246S3C6QaGgV7qH,Fiddle Tunes #50,extracted,Source title: Old Joe Clark (fast) | Playlist: Fiddle Tunes | Channel: Sarah Foard | Duration: 1:48,,
old-joe-clark,Old Joe Clark,Dance Tempo - half note = 100,https://www.youtube.com/watch?v=1wUHvukw7Ks,1wUHvukw7Ks,https://www.youtube.com/playlist?list=PLcV6BAqX_YFflBxey-VwMv2tEPKjIDFK_,Fiddle Tunes 1 #49,extracted,Source title: Old Joe Clark - Dance Tempo - half note = 100 | Playlist: Fiddle Tunes 1 | Channel: Sarah Foard | Duration: 1:21,,
old-joe-clark-bass-line-viola,Old Joe Clark - bass line - viola,Other,https://www.youtube.com/watch?v=cOEixpv5lnQ,cOEixpv5lnQ,https://www.youtube.com/playlist?list=PLiKxQr5HEGbNSMPYBv246S3C6QaGgV7qH,Fiddle Tunes #22,extracted,Source title: Old Joe Clark - bass line - viola | Playlist: Fiddle Tunes | Channel: Sarah Foard | Duration: 1:56,,
old-joe-clark-bass-line-violin,Old Joe Clark - bass line - violin,Other,https://www.youtube.com/watch?v=sShOAWe8SK8,sShOAWe8SK8,https://www.youtube.com/playlist?list=PLiKxQr5HEGbNSMPYBv246S3C6QaGgV7qH,Fiddle Tunes #21,extracted,Source title: Old Joe Clark - bass line - violin | Playlist: Fiddle Tunes | Channel: Sarah Foard | Duration: 1:43,,
old-joe-clark-chords-viola,Old Joe Clark - chords - viola,Other,https://www.youtube.com/watch?v=C8JXI2Io7NE,C8JXI2Io7NE,https://www.youtube.com/playlist?list=PLiKxQr5HEGbNSMPYBv246S3C6QaGgV7qH,Fiddle Tunes #24,extracted,Source title: Old Joe Clark - chords - viola | Playlist: Fiddle Tunes | Channel: Sarah Foard | Duration: 1:58,,
old-joe-clark-chords-violin,Old Joe Clark - chords - violin,Other,https://www.youtube.com/watch?v=INxWJ3Z2r2A,INxWJ3Z2r2A,https://www.youtube.com/playlist?list=PLiKxQr5HEGbNSMPYBv246S3C6QaGgV7qH,Fiddle Tunes #23,extracted,Source title: Old Joe Clark - chords - violin | Playlist: Fiddle Tunes | Channel: Sarah Foard | Duration: 1:43,,
old-yellow-dog-comes-trotting-through-the-meeting-house,Old Yellow Dog Comes Trotting Through the Meeting House,Slow,https://www.youtube.com/watch?v=-dwMlUvxkug,-dwMlUvxkug,https://www.youtube.com/playlist?list=PLiKxQr5HEGbNSMPYBv246S3C6QaGgV7qH,Fiddle Tunes #49,extracted,Source title: Old Yellow Dog Comes Trotting Through the Meeting House (slow) | Playlist: Fiddle Tunes | Channel: Sarah Foard | Duration: 2:09,,
on-the-danforth,On the Danforth,Slow,https://www.youtube.com/watch?v=egOSnLMR_NI,egOSnLMR_NI,https://www.youtube.com/playlist?list=PLcV6BAqX_YFflBxey-VwMv2tEPKjIDFK_,Fiddle Tunes 1 #7,extracted,Source title: On the Danforth - slow | Playlist: Fiddle Tunes 1 | Channel: Sarah Foard | Duration: 2:23,,
on-the-danforth,On the Danforth,Fast,https://www.youtube.com/watch?v=SkkqTDK_Os4,SkkqTDK_Os4,https://www.youtube.com/playlist?list=PLcV6BAqX_YFflBxey-VwMv2tEPKjIDFK_,Fiddle Tunes 1 #6,extracted,Source title: On the Danforth - fast | Playlist: Fiddle Tunes 1 | Channel: Sarah Foard | Duration: 1:32,,
ookpik-waltz-the-snowy-owl,Ookpik Waltz (The Snowy Owl),Other,https://www.youtube.com/watch?v=dWSg3clQiK8,dWSg3clQiK8,https://www.youtube.com/playlist?list=PLcV6BAqX_YFflBxey-VwMv2tEPKjIDFK_,Fiddle Tunes 1 #59,extracted,Source title: Ookpik Waltz (The Snowy Owl) | Playlist: Fiddle Tunes 1 | Channel: Sarah Foard | Duration: 2:02,,
orange-blossom-special,Orange Blossom Special,Slow,https://www.youtube.com/watch?v=5Nx7YeJmZls,5Nx7YeJmZls,https://www.youtube.com/playlist?list=PLcV6BAqX_YFflBxey-VwMv2tEPKjIDFK_,Fiddle Tunes 1 #16,extracted,Source title: Orange Blossom Special - slow | Playlist: Fiddle Tunes 1 | Channel: Sarah Foard | Duration: 2:50,,
orange-blossom-special,Orange Blossom Special,Medium,https://www.youtube.com/watch?v=13ouW7VrcMw,13ouW7VrcMw,https://www.youtube.com/playlist?list=PLcV6BAqX_YFflBxey-VwMv2tEPKjIDFK_,Fiddle Tunes 1 #15,extracted,Source title: Orange Blossom Special - medium speed | Playlist: Fiddle Tunes 1 | Channel: Sarah Foard | Duration: 2:29,,
orange-blossom-special,Orange Blossom Special,Fast,https://www.youtube.com/watch?v=sh7fSH9ESjA,sh7fSH9ESjA,https://www.youtube.com/playlist?list=PLcV6BAqX_YFflBxey-VwMv2tEPKjIDFK_,Fiddle Tunes 1 #14,extracted,Source title: Orange Blossom Special - fast | Playlist: Fiddle Tunes 1 | Channel: Sarah Foard | Duration: 1:52,,
orange-blossom-special,Orange Blossom Special,Other,https://www.youtube.com/watch?v=1gvhFUW5E3U,1gvhFUW5E3U,https://www.youtube.com/playlist?list=PLcV6BAqX_YFflBxey-VwMv2tEPKjIDFK_,Fiddle Tunes 1 #40,extracted,Source title: Orange Blossom Special | Playlist: Fiddle Tunes 1 | Channel: Sarah Foard | Duration: 2:40,,
peg-ryans-polka,Peg Ryan's Polka,Slow,https://www.youtube.com/watch?v=pCYSF33fv1A,pCYSF33fv1A,https://www.youtube.com/playlist?list=PLiKxQr5HEGbNSMPYBv246S3C6QaGgV7qH,Fiddle Tunes #25,extracted,Source title: Peg Ryan's (slow) | Playlist: Fiddle Tunes | Channel: Sarah Foard | Duration: 1:49,,
peg-ryans-polka,Peg Ryan's Polka,Slow,https://www.youtube.com/watch?v=NVkz-aNs8EU,NVkz-aNs8EU,https://www.youtube.com/playlist?list=PLcV6BAqX_YFflBxey-VwMv2tEPKjIDFK_,Fiddle Tunes 1 #82,extracted,Source title: Peg Ryan’s Polka - slow | Playlist: Fiddle Tunes 1 | Channel: Sarah Foard | Duration: 1:21,,
peg-ryans-polka,Peg Ryan's Polka,Slow with note names,https://www.youtube.com/watch?v=y1sKX38nDY0,y1sKX38nDY0,https://www.youtube.com/playlist?list=PLcV6BAqX_YFflBxey-VwMv2tEPKjIDFK_,Fiddle Tunes 1 #80,extracted,Source title: Peg Ryan’s Polka - slow with note names | Playlist: Fiddle Tunes 1 | Channel: Sarah Foard | Duration: 3:59,,
peg-ryans-polka,Peg Ryan's Polka,Medium,https://www.youtube.com/watch?v=OH-k5O5sGrw,OH-k5O5sGrw,https://www.youtube.com/playlist?list=PLcV6BAqX_YFflBxey-VwMv2tEPKjIDFK_,Fiddle Tunes 1 #79,extracted,Source title: Peg Ryan’s / Britches Full of Stitches / Mickey Chewing Bubblegum - medium speed | Playlist: Fiddle Tunes 1 | Channel: Sarah Foard | Duration: 5:25,,
peg-ryans-polka,Peg Ryan's Polka,Medium,https://www.youtube.com/watch?v=jO6VQZ47-hs,jO6VQZ47-hs,https://www.youtube.com/playlist?list=PLcV6BAqX_YFflBxey-VwMv2tEPKjIDFK_,Fiddle Tunes 1 #81,extracted,Source title: Peg Ryan’s Polka - medium | Playlist: Fiddle Tunes 1 | Channel: Sarah Foard | Duration: 1:50,,
peg-ryans-polka,Peg Ryan's Polka,Dance Tempo,https://www.youtube.com/watch?v=7cnejy4MQLE,7cnejy4MQLE,https://www.youtube.com/playlist?list=PLcV6BAqX_YFflBxey-VwMv2tEPKjIDFK_,Fiddle Tunes 1 #42,extracted,Source title: Peg Ryan’s Polka - Dance Tempo | Playlist: Fiddle Tunes 1 | Channel: Sarah Foard | Duration: 1:18,,
peg-ryans-polka,Peg Ryan's Polka,Dance Tempo,https://www.youtube.com/watch?v=9MWTwzqO9Dg,9MWTwzqO9Dg,https://www.youtube.com/playlist?list=PLcV6BAqX_YFflBxey-VwMv2tEPKjIDFK_,Fiddle Tunes 1 #43,extracted,Source title: Peg Ryan’s / Britches Full of Stitches / Mickey Chewing Bubblegum - dance tempo | Playlist: Fiddle Tunes 1 | Channel: Sarah Foard | Duration: 6:16,,
peg-ryans-polka,Peg Ryan's Polka,Other,https://www.youtube.com/watch?v=0FH_rUrHLio,0FH_rUrHLio,https://www.youtube.com/playlist?list=PLiKxQr5HEGbNSMPYBv246S3C6QaGgV7qH,Fiddle Tunes #28,extracted,Source title: Peg Ryan's | Playlist: Fiddle Tunes | Channel: Sarah Foard | Duration: 1:09,,
rattlin-bog,Rattlin’ Bog,Slow,https://www.youtube.com/watch?v=NZ3l_Yrddn4,NZ3l_Yrddn4,https://www.youtube.com/playlist?list=PLiKxQr5HEGbNSMPYBv246S3C6QaGgV7qH,Fiddle Tunes #18,extracted,Source title: Rattlin’ Bog (slow) | Playlist: Fiddle Tunes | Channel: Sarah Foard | Duration: 1:37,,
rattlin-bog,Rattlin’ Bog,Medium,https://www.youtube.com/watch?v=nX6IVTbLlvM,nX6IVTbLlvM,https://www.youtube.com/playlist?list=PLiKxQr5HEGbNSMPYBv246S3C6QaGgV7qH,Fiddle Tunes #16,extracted,Source title: Rattlin’ Bog (medium) | Playlist: Fiddle Tunes | Channel: Sarah Foard | Duration: 1:06,,
rattlin-bog,Rattlin’ Bog,Fast,https://www.youtube.com/watch?v=HPkO8RmU7oI,HPkO8RmU7oI,https://www.youtube.com/playlist?list=PLiKxQr5HEGbNSMPYBv246S3C6QaGgV7qH,Fiddle Tunes #15,extracted,Source title: Rattlin’ Bog (fast) | Playlist: Fiddle Tunes | Channel: Sarah Foard | Duration: 1:23,,
red-wing,Red Wing,Slow - half note = 60,https://www.youtube.com/watch?v=FqZmkB80LUM,FqZmkB80LUM,https://www.youtube.com/playlist?list=PLcV6BAqX_YFflBxey-VwMv2tEPKjIDFK_,Fiddle Tunes 1 #73,extracted,Source title: Red Wing - Slow - half note = 60 | Playlist: Fiddle Tunes 1 | Channel: Sarah Foard | Duration: 1:01,,
red-wing,Red Wing,Medium - half note = 80,https://www.youtube.com/watch?v=Ux9_FetClTI,Ux9_FetClTI,https://www.youtube.com/playlist?list=PLcV6BAqX_YFflBxey-VwMv2tEPKjIDFK_,Fiddle Tunes 1 #72,extracted,Source title: Red Wing - Medium - half note = 80 | Playlist: Fiddle Tunes 1 | Channel: Sarah Foard | Duration: 1:03,,
red-wing,Red Wing,Dance Tempo - half note = 100,https://www.youtube.com/watch?v=f_lrlrQM2xs,f_lrlrQM2xs,https://www.youtube.com/playlist?list=PLcV6BAqX_YFflBxey-VwMv2tEPKjIDFK_,Fiddle Tunes 1 #46,extracted,Source title: Red Wing - Dance Tempo - half note = 100 | Playlist: Fiddle Tunes 1 | Channel: Sarah Foard | Duration: 1:18,,
road-to-boston,Road to Boston,Slow,https://www.youtube.com/watch?v=SAVWlrT1-rc,SAVWlrT1-rc,https://www.youtube.com/playlist?list=PLcV6BAqX_YFflBxey-VwMv2tEPKjIDFK_,Fiddle Tunes 1 #13,extracted,Source title: Road to Boston - slow | Playlist: Fiddle Tunes 1 | Channel: Sarah Foard | Duration: 2:03,,
road-to-boston,Road to Boston,Slow,https://www.youtube.com/watch?v=LwGaRLweZLU,LwGaRLweZLU,https://www.youtube.com/playlist?list=PLcV6BAqX_YFflBxey-VwMv2tEPKjIDFK_,Fiddle Tunes 1 #20,extracted,Source title: Road to Boston - slow | Playlist: Fiddle Tunes 1 | Channel: Sarah Foard | Duration: 2:04,,
road-to-boston,Road to Boston,Fast,https://www.youtube.com/watch?v=EsPKu7P7s4U,EsPKu7P7s4U,https://www.youtube.com/playlist?list=PLcV6BAqX_YFflBxey-VwMv2tEPKjIDFK_,Fiddle Tunes 1 #12,extracted,Source title: Road to Boston - fast | Playlist: Fiddle Tunes 1 | Channel: Sarah Foard | Duration: 1:32,,
road-to-boston,Road to Boston,Fast,https://www.youtube.com/watch?v=FCSPNsvBF3Q,FCSPNsvBF3Q,https://www.youtube.com/playlist?list=PLcV6BAqX_YFflBxey-VwMv2tEPKjIDFK_,Fiddle Tunes 1 #19,extracted,Source title: Road to Boston - fast | Playlist: Fiddle Tunes 1 | Channel: Sarah Foard | Duration: 2:00,,
road-to-lisdoonvarna,Road to Lisdoonvarna,Slow,https://www.youtube.com/watch?v=ZR-gAlRLeDs,ZR-gAlRLeDs,https://www.youtube.com/playlist?list=PLcV6BAqX_YFflBxey-VwMv2tEPKjIDFK_,Fiddle Tunes 1 #3,extracted,Source title: Road to Lisdoonvarna - slow | Playlist: Fiddle Tunes 1 | Channel: Sarah Foard | Duration: 1:58,,
road-to-lisdoonvarna,Road to Lisdoonvarna,Fast,https://www.youtube.com/watch?v=KBLC6AEM4hA,KBLC6AEM4hA,https://www.youtube.com/playlist?list=PLcV6BAqX_YFflBxey-VwMv2tEPKjIDFK_,Fiddle Tunes 1 #2,extracted,Source title: Road to Lisdoonvarna - fast | Playlist: Fiddle Tunes 1 | Channel: Sarah Foard | Duration: 1:12,,
sandy-boys,Sandy Boys,Slow,https://www.youtube.com/watch?v=ctDczW0G8PQ,ctDczW0G8PQ,https://www.youtube.com/playlist?list=PLiKxQr5HEGbNSMPYBv246S3C6QaGgV7qH,Fiddle Tunes #59,extracted,Source title: Sandy Boys slow speed | Playlist: Fiddle Tunes | Channel: Sarah Foard | Duration: 1:48,,
sandy-boys,Sandy Boys,Slow,https://www.youtube.com/watch?v=nDNvIj-ApPc,nDNvIj-ApPc,https://www.youtube.com/playlist?list=PLcV6BAqX_YFflBxey-VwMv2tEPKjIDFK_,Fiddle Tunes 1 #23,extracted,Source title: Sandy Boys - slow | Playlist: Fiddle Tunes 1 | Channel: Sarah Foard | Duration: 1:53,,
sandy-boys,Sandy Boys,Medium,https://www.youtube.com/watch?v=O1UV2p8Gt1A,O1UV2p8Gt1A,https://www.youtube.com/playlist?list=PLcV6BAqX_YFflBxey-VwMv2tEPKjIDFK_,Fiddle Tunes 1 #22,extracted,Source title: Sandy Boys - medium | Playlist: Fiddle Tunes 1 | Channel: Sarah Foard | Duration: 0:59,,
sandy-boys,Sandy Boys,Fast,https://www.youtube.com/watch?v=vyCa29tFii4,vyCa29tFii4,https://www.youtube.com/playlist?list=PLcV6BAqX_YFflBxey-VwMv2tEPKjIDFK_,Fiddle Tunes 1 #21,extracted,Source title: Sandy Boys - fast | Playlist: Fiddle Tunes 1 | Channel: Sarah Foard | Duration: 2:10,,
sandy-boys,Sandy Boys,Other,https://www.youtube.com/watch?v=3gTYOF5889s,3gTYOF5889s,https://www.youtube.com/playlist?list=PLiKxQr5HEGbNSMPYBv246S3C6QaGgV7qH,Fiddle Tunes #60,extracted,Source title: Sandy Boys | Playlist: Fiddle Tunes | Channel: Sarah Foard | Duration: 2:19,,
silver-spear,Silver Spear,Slow,https://www.youtube.com/watch?v=Lz2Q1EdBX8o,Lz2Q1EdBX8o,https://www.youtube.com/playlist?list=PLiKxQr5HEGbNSMPYBv246S3C6QaGgV7qH,Fiddle Tunes #38,extracted,Source title: Silver Spear (slow) | Playlist: Fiddle Tunes | Channel: Sarah Foard | Duration: 1:59,,
silver-spear,Silver Spear,Slow,https://www.youtube.com/watch?v=k1ZnxCtnybw,k1ZnxCtnybw,https://www.youtube.com/playlist?list=PLcV6BAqX_YFflBxey-VwMv2tEPKjIDFK_,Fiddle Tunes 1 #78,extracted,Source title: Derry Reel / Silver Spear / St. Antoine’s - slow | Playlist: Fiddle Tunes 1 | Channel: Sarah Foard | Duration: 6:46,,
silver-spear,Silver Spear,Medium,https://www.youtube.com/watch?v=4AbUzstmMCM,4AbUzstmMCM,https://www.youtube.com/playlist?list=PLcV6BAqX_YFflBxey-VwMv2tEPKjIDFK_,Fiddle Tunes 1 #77,extracted,Source title: Derry Reel / Sliver Spear / St. Antoine’s - medium speed | Playlist: Fiddle Tunes 1 | Channel: Sarah Foard | Duration: 4:55,,
silver-spear,Silver Spear,Fast,https://www.youtube.com/watch?v=oJg-z7iNcUs,oJg-z7iNcUs,https://www.youtube.com/playlist?list=PLiKxQr5HEGbNSMPYBv246S3C6QaGgV7qH,Fiddle Tunes #39,extracted,Source title: Silver Spear (fast) | Playlist: Fiddle Tunes | Channel: Sarah Foard | Duration: 3:06,,
silver-spear,Silver Spear,Dance Tempo,https://www.youtube.com/watch?v=2ZbDnFpUk6E,2ZbDnFpUk6E,https://www.youtube.com/playlist?list=PLcV6BAqX_YFflBxey-VwMv2tEPKjIDFK_,Fiddle Tunes 1 #44,extracted,Source title: Derry Reel / Silver Spear / St. Antoine’s Reel - dance tempo | Playlist: Fiddle Tunes 1 | Channel: Sarah Foard | Duration: 7:56,,
soldiers-joy,Soldier's Joy,Medium Slow - Quarter = 100,https://www.youtube.com/watch?v=DjAwO1AJZT4,DjAwO1AJZT4,https://www.youtube.com/playlist?list=PLcV6BAqX_YFflBxey-VwMv2tEPKjIDFK_,Fiddle Tunes 1 #75,extracted,Source title: Soldier’s Joy - Medium Slow - Quarter = 100 | Playlist: Fiddle Tunes 1 | Channel: Sarah Foard | Duration: 1:26,,
soldiers-joy,Soldier's Joy,Slow,https://www.youtube.com/watch?v=YdekZGR-qLA,YdekZGR-qLA,https://www.youtube.com/playlist?list=PLcV6BAqX_YFflBxey-VwMv2tEPKjIDFK_,Fiddle Tunes 1 #1,extracted,Source title: Soldier’s Joy - slow | Playlist: Fiddle Tunes 1 | Channel: Sarah Foard | Duration: 1:12,,
soldiers-joy,Soldier's Joy,Very Slow - quarter = 60,https://www.youtube.com/watch?v=2U7BVSwEJ1k,2U7BVSwEJ1k,https://www.youtube.com/playlist?list=PLcV6BAqX_YFflBxey-VwMv2tEPKjIDFK_,Fiddle Tunes 1 #76,extracted,Source title: Soldier’s Joy - Very Slow - quarter = 60 | Playlist: Fiddle Tunes 1 | Channel: Sarah Foard | Duration: 2:20,,
soldiers-joy,Soldier's Joy,Medium,https://www.youtube.com/watch?v=PKcx4pUj1dw,PKcx4pUj1dw,https://www.youtube.com/playlist?list=PLiKxQr5HEGbNSMPYBv246S3C6QaGgV7qH,Fiddle Tunes #10,extracted,Source title: Soldier’s Joy (medium) | Playlist: Fiddle Tunes | Channel: Sarah Foard | Duration: 2:19,,
soldiers-joy,Soldier's Joy,Fast,https://www.youtube.com/watch?v=448oIulGANo,448oIulGANo,https://www.youtube.com/playlist?list=PLcV6BAqX_YFflBxey-VwMv2tEPKjIDFK_,Fiddle Tunes 1 #45,extracted,Source title: Soldier’s Joy - fast | Playlist: Fiddle Tunes 1 | Channel: Sarah Foard | Duration: 1:30,,
soldiers-joy,Soldier's Joy,Fast - half note = 80,https://www.youtube.com/watch?v=jFH0bTxTGoA,jFH0bTxTGoA,https://www.youtube.com/playlist?list=PLcV6BAqX_YFflBxey-VwMv2tEPKjIDFK_,Fiddle Tunes 1 #74,extracted,Source title: Soldier’s Joy - Fast - half note = 80 | Playlist: Fiddle Tunes 1 | Channel: Sarah Foard | Duration: 0:59,,
soldiers-joy,Soldier's Joy,Fast with piano,https://www.youtube.com/watch?v=uPKsCNHpZxE,uPKsCNHpZxE,https://www.youtube.com/playlist?list=PLiKxQr5HEGbNSMPYBv246S3C6QaGgV7qH,Fiddle Tunes #2,extracted,Source title: Soldier’s Joy (fast with piano) | Playlist: Fiddle Tunes | Channel: Sarah Foard | Duration: 0:50,,
soldiers-joy,Soldier's Joy,Fast with piano,https://www.youtube.com/watch?v=AUtrC5gVsHg,AUtrC5gVsHg,https://www.youtube.com/playlist?list=PLiKxQr5HEGbNSMPYBv246S3C6QaGgV7qH,Fiddle Tunes #5,extracted,Source title: Soldier's Joy (fast with piano) | Playlist: Fiddle Tunes | Channel: Sarah Foard | Duration: 0:51,,
st-antoines-reel,St. Antoine's Reel,Slow,https://www.youtube.com/watch?v=yB-Yc-7Ku0A,yB-Yc-7Ku0A,https://www.youtube.com/playlist?list=PLiKxQr5HEGbNSMPYBv246S3C6QaGgV7qH,Fiddle Tunes #46,extracted,Source title: St. Antoine’s (slow) | Playlist: Fiddle Tunes | Channel: Sarah Foard | Duration: 1:58,,
st-antoines-reel,St. Antoine's Reel,Slow,https://www.youtube.com/watch?v=k1ZnxCtnybw,k1ZnxCtnybw,https://www.youtube.com/playlist?list=PLcV6BAqX_YFflBxey-VwMv2tEPKjIDFK_,Fiddle Tunes 1 #78,extracted,Source title: Derry Reel / Silver Spear / St. Antoine’s - slow | Playlist: Fiddle Tunes 1 | Channel: Sarah Foard | Duration: 6:46,,
st-antoines-reel,St. Antoine's Reel,Medium,https://www.youtube.com/watch?v=4AbUzstmMCM,4AbUzstmMCM,https://www.youtube.com/playlist?list=PLcV6BAqX_YFflBxey-VwMv2tEPKjIDFK_,Fiddle Tunes 1 #77,extracted,Source title: Derry Reel / Sliver Spear / St. Antoine’s - medium speed | Playlist: Fiddle Tunes 1 | Channel: Sarah Foard | Duration: 4:55,,
st-antoines-reel,St. Antoine's Reel,Dance Tempo,https://www.youtube.com/watch?v=2ZbDnFpUk6E,2ZbDnFpUk6E,https://www.youtube.com/playlist?list=PLcV6BAqX_YFflBxey-VwMv2tEPKjIDFK_,Fiddle Tunes 1 #44,extracted,Source title: Derry Reel / Silver Spear / St. Antoine’s Reel - dance tempo | Playlist: Fiddle Tunes 1 | Channel: Sarah Foard | Duration: 7:56,,
swinging-fiddles,Swinging Fiddles,Slow,https://www.youtube.com/watch?v=0iuQrgcnjEs,0iuQrgcnjEs,https://www.youtube.com/playlist?list=PLiKxQr5HEGbNSMPYBv246S3C6QaGgV7qH,Fiddle Tunes #44,extracted,Source title: Swinging Fiddles (slow) | Playlist: Fiddle Tunes | Channel: Sarah Foard | Duration: 1:48,,
swinging-fiddles,Swinging Fiddles,Fast,https://www.youtube.com/watch?v=S-mjawe6VEY,S-mjawe6VEY,https://www.youtube.com/playlist?list=PLiKxQr5HEGbNSMPYBv246S3C6QaGgV7qH,Fiddle Tunes #45,extracted,Source title: Swinging Fiddles (fast) | Playlist: Fiddle Tunes | Channel: Sarah Foard | Duration: 1:50,,
tam-lin,Tam Lin,Slow,https://www.youtube.com/watch?v=vZOgU7bgSPU,vZOgU7bgSPU,https://www.youtube.com/playlist?list=PLcV6BAqX_YFflBxey-VwMv2tEPKjIDFK_,Fiddle Tunes 1 #33,extracted,Source title: Tam Lin - slow | Playlist: Fiddle Tunes 1 | Channel: Sarah Foard | Duration: 1:55,,
tam-lin,Tam Lin,Medium,https://www.youtube.com/watch?v=ahEuTw8dHy8,ahEuTw8dHy8,https://www.youtube.com/playlist?list=PLcV6BAqX_YFflBxey-VwMv2tEPKjIDFK_,Fiddle Tunes 1 #34,extracted,Source title: Tam Lin - medium | Playlist: Fiddle Tunes 1 | Channel: Sarah Foard | Duration: 1:22,,
tam-lin,Tam Lin,Fast,https://www.youtube.com/watch?v=ip3Sv19r35g,ip3Sv19r35g,https://www.youtube.com/playlist?list=PLcV6BAqX_YFflBxey-VwMv2tEPKjIDFK_,Fiddle Tunes 1 #35,extracted,Source title: Tam Lin - fast | Playlist: Fiddle Tunes 1 | Channel: Sarah Foard | Duration: 1:29,,
the-foxhunters-reel,The Foxhunter's Reel,Other,https://www.youtube.com/watch?v=_JCnhjuW5ek,_JCnhjuW5ek,https://www.youtube.com/playlist?list=PLiKxQr5HEGbNSMPYBv246S3C6QaGgV7qH,Fiddle Tunes #42,extracted,Source title: The Foxhunter’s Reel | Playlist: Fiddle Tunes | Channel: Sarah Foard | Duration: 2:26,,
the-goblin,The Goblin,Slow,https://www.youtube.com/watch?v=FRoQ4X6A8DQ,FRoQ4X6A8DQ,https://www.youtube.com/playlist?list=PLcV6BAqX_YFflBxey-VwMv2tEPKjIDFK_,Fiddle Tunes 1 #27,extracted,Source title: The Goblin - slow | Playlist: Fiddle Tunes 1 | Channel: Sarah Foard | Duration: 1:05,,
the-goblin,The Goblin,Fast,https://www.youtube.com/watch?v=7XonniMtYwc,7XonniMtYwc,https://www.youtube.com/playlist?list=PLcV6BAqX_YFflBxey-VwMv2tEPKjIDFK_,Fiddle Tunes 1 #28,extracted,Source title: The Goblin - fast | Playlist: Fiddle Tunes 1 | Channel: Sarah Foard | Duration: 1:24,,
the-wren,The Wren,Slow,https://www.youtube.com/watch?v=H4Qj0IgrDWg,H4Qj0IgrDWg,https://www.youtube.com/playlist?list=PLcV6BAqX_YFflBxey-VwMv2tEPKjIDFK_,Fiddle Tunes 1 #61,extracted,Source title: The Wren - slow | Playlist: Fiddle Tunes 1 | Channel: Sarah Foard | Duration: 1:08,,
the-wren,The Wren,Fast,https://www.youtube.com/watch?v=5UbU3EABN_U,5UbU3EABN_U,https://www.youtube.com/playlist?list=PLcV6BAqX_YFflBxey-VwMv2tEPKjIDFK_,Fiddle Tunes 1 #57,extracted,Source title: The Wren - fast | Playlist: Fiddle Tunes 1 | Channel: Sarah Foard | Duration: 1:24,,
toss-the-feathers,Toss the Feathers,Slow without ornaments,https://www.youtube.com/watch?v=AFWWw0Ig3FM,AFWWw0Ig3FM,https://www.youtube.com/playlist?list=PLiKxQr5HEGbNSMPYBv246S3C6QaGgV7qH,Fiddle Tunes #9,extracted,Source title: Toss the Feathers (slow without ornaments) | Playlist: Fiddle Tunes | Channel: Sarah Foard | Duration: 2:01,,
toss-the-feathers,Toss the Feathers,Medium,https://www.youtube.com/watch?v=GkYk8IkEzKw,GkYk8IkEzKw,https://www.youtube.com/playlist?list=PLiKxQr5HEGbNSMPYBv246S3C6QaGgV7qH,Fiddle Tunes #11,extracted,Source title: Toss the Feathers (medium) | Playlist: Fiddle Tunes | Channel: Sarah Foard | Duration: 1:20,,
toss-the-feathers,Toss the Feathers,Fast,https://www.youtube.com/watch?v=oYWPx-BLlFY,oYWPx-BLlFY,https://www.youtube.com/playlist?list=PLiKxQr5HEGbNSMPYBv246S3C6QaGgV7qH,Fiddle Tunes #4,extracted,Source title: Toss the Feathers (fast) | Playlist: Fiddle Tunes | Channel: Sarah Foard | Duration: 1:38,,
toss-the-feathers,Toss the Feathers,Fast with piano,https://www.youtube.com/watch?v=I4up-TVZ5SY,I4up-TVZ5SY,https://www.youtube.com/playlist?list=PLiKxQr5HEGbNSMPYBv246S3C6QaGgV7qH,Fiddle Tunes #3,extracted,Source title: Toss the Feathers (fast with piano) | Playlist: Fiddle Tunes | Channel: Sarah Foard | Duration: 1:47,,
wild-hog-in-the-woods,Wild Hog in the Woods,Slow,https://www.youtube.com/watch?v=uMXKxv0jg9M,uMXKxv0jg9M,https://www.youtube.com/playlist?list=PLcV6BAqX_YFflBxey-VwMv2tEPKjIDFK_,Fiddle Tunes 1 #18,extracted,Source title: Wild Hog in the Woods - slow | Playlist: Fiddle Tunes 1 | Channel: Sarah Foard | Duration: 1:22,,
wild-hog-in-the-woods,Wild Hog in the Woods,Medium,https://www.youtube.com/watch?v=-QoqytmI7iM,-QoqytmI7iM,https://www.youtube.com/playlist?list=PLcV6BAqX_YFflBxey-VwMv2tEPKjIDFK_,Fiddle Tunes 1 #17,extracted,Source title: Wild Hog in the Woods - medium speed | Playlist: Fiddle Tunes 1 | Channel: Sarah Foard | Duration: 1:01,,
wild-hog-in-the-woods,Wild Hog in the Woods,Fast,https://www.youtube.com/watch?v=hB9eufT5BLs,hB9eufT5BLs,https://www.youtube.com/playlist?list=PLcV6BAqX_YFflBxey-VwMv2tEPKjIDFK_,Fiddle Tunes 1 #39,extracted,Source title: Wild Hog in the Woods - fast | Playlist: Fiddle Tunes 1 | Channel: Sarah Foard | Duration: 1:21,,
wild-hog-in-the-woods,Wild Hog in the Woods,Other,https://www.youtube.com/watch?v=zEV78-0zOUw,zEV78-0zOUw,https://www.youtube.com/playlist?list=PLiKxQr5HEGbNSMPYBv246S3C6QaGgV7qH,Fiddle Tunes #19,extracted,Source title: Wild Hog in the Woods | Playlist: Fiddle Tunes | Channel: Sarah Foard | Duration: 2:33,,
